num_people_enrolled,total_class_size,class_number,term
2,26,100,spr2008
15,49,101,spr2008
9,23,101,spr2008
25,0,110,spr2008
7,18,111,spr2008
5,20,111,spr2008
4,21,112,spr2008
13,12,112,spr2008
16,10,118,spr2008
8,22,144,spr2008
8,7,221,spr2008
4,26,301,spr2008
0,12,305,spr2008
10,0,305,spr2008
1,19,311,spr2008
2,11,313H,spr2008
14,16,330,spr2008
18,12,340,spr2008
25,0,346,spr2008
5,25,381,spr2008
0,1,399,spr2008
20,0,470,spr2008
4,1,490,spr2008
4,1,490,spr2008
4,1,490,spr2008
5,19,498,spr2008
10,20,548,spr2008
15,14,570,spr2008
25,0,611,spr2008
1,29,640,spr2008
13,12,679,spr2008
24,0,697,spr2008
0,3,699P,spr2008
2,26,100,spr2008
6,26,101,spr2008
25,0,110,spr2008
14,61,111,spr2008
2,23,111,spr2008
27,48,112,spr2008
10,15,112,spr2008
21,5,117,spr2008
8,22,144,spr2008
16,14,221,spr2008
8,7,221,spr2008
6,28,305,spr2008
0,16,305,spr2008
25,35,311,spr2008
4,16,311,spr2008
1,29,320,spr2008
18,12,340,spr2008
25,0,346,spr2008
17,13,380,spr2008
5,25,381,spr2008
2,28,465,spr2008
1,0,490,spr2008
0,5,490,spr2008
3,2,490,spr2008
2,3,490,spr2008
6,24,515,spr2008
10,15,550,spr2008
15,14,570,spr2008
1,29,620,spr2008
1,24,649,spr2008
16,8,682,spr2008
0,1,699P,spr2008
29,1,699P,spr2008
3,22,100,fa2008
19,51,101,fa2008
16,19,101,fa2008
10,15,110,fa2008
0,27,111,fa2008
0,23,111,fa2008
38,37,112,fa2008
2,23,112,fa2008
0,0,118,fa2008
4,26,144,fa2008
0,33,221,fa2008
2,14,221,fa2008
0,32,301,fa2008
1,14,305,fa2008
31,29,311,fa2008
23,7,311,fa2008
5,20,315,fa2008
2,23,330,fa2008
19,11,340,fa2008
10,20,344,fa2008
8,17,346,fa2008
29,21,400,fa2008
10,20,470,fa2008
7,17,498,fa2008
6,19,511,fa2008
13,12,542,fa2008
9,11,550,fa2008
9,1,574,fa2008
12,13,585,fa2008
0,0,598,fa2008
8,17,650,fa2008
30,0,689,fa2008
2,0,697,fa2008
3,0,699P,fa2008
1,2,699P,fa2008
2,1,699P,fa2008
3,22,100,fa2008
3,32,101,fa2008
10,15,110,fa2008
0,79,111,fa2008
0,29,111,fa2008
0,35,111X,fa2008
11,14,112,fa2008
0,0,117,fa2008
4,26,144,fa2008
6,18,211X,fa2008
0,19,221,fa2008
0,26,221X,fa2008
0,25,305,fa2008
0,11,305,fa2008
8,22,311,fa2008
4,20,311X,fa2008
7,17,320,fa2008
19,11,340,fa2008
10,20,344,fa2008
8,17,346,fa2008
6,24,380,fa2008
8,16,448,fa2008
21,9,490,fa2008
5,0,499H,fa2008
0,0,540,fa2008
23,7,547,fa2008
19,11,566,fa2008
0,0,580,fa2008
12,13,585,fa2008
13,17,630,fa2008
5,7,679,fa2008
30,20,693,fa2008
0,1,697,fa2008
3,0,699P,fa2008
3,0,699P,fa2008
9,19,100,spr2009
20,40,101,spr2009
17,13,101,spr2009
0,25,111,spr2009
1,24,111,spr2009
32,43,112,spr2009
3,22,112,spr2009
9,21,144,spr2009
14,16,211X,spr2009
0,12,221,spr2009
4,8,221,spr2009
10,15,301,spr2009
0,26,305,spr2009
0,26,305,spr2009
5,20,311,spr2009
18,12,311X,spr2009
10,20,315,spr2009
0,0,330,spr2009
13,17,340,spr2009
8,22,381,spr2009
3,9,400,spr2009
13,17,490,spr2009
4,1,499H,spr2009
0,0,533,spr2009
13,12,547,spr2009
12,13,550,spr2009
22,8,570,spr2009
0,0,583,spr2009
0,12,620,spr2009
0,0,679,spr2009
4,8,693,spr2009
11,1,699P,spr2009
30,0,699P,spr2009
9,19,100,spr2009
3,27,101,spr2009
3,72,111,spr2009
2,23,111,spr2009
20,10,111X,spr2009
4,21,112,spr2009
0,0,112,spr2009
9,21,144,spr2009
4,32,221,spr2009
0,12,221,spr2009
2,28,221X,spr2009
6,19,301,spr2009
0,0,305,spr2009
8,42,311,spr2009
3,22,311,spr2009
0,13,313H,spr2009
6,24,320,spr2009
13,17,340,spr2009
20,15,380,spr2009
8,22,381,spr2009
0,0,465,spr2009
42,8,498,spr2009
12,18,515,spr2009
0,0,540,spr2009
0,0,548,spr2009
15,10,567,spr2009
22,8,570,spr2009
4,8,611,spr2009
1,11,640,spr2009
4,8,682,spr2009
0,1,697,spr2009
1,0,699P,spr2009
12,12,100,fa2009
1,34,101,fa2009
0,0,101,fa2009
3,67,111,fa2009
0,35,111,fa2009
19,13,111X,fa2009
11,19,144,fa2009
4,21,211,fa2009
9,15,211X,fa2009
2,28,221,fa2009
0,0,221X,fa2009
0,37,311,fa2009
0,0,311,fa2009
0,0,320,fa2009
5,20,346,fa2009
0,0,351,fa2009
45,5,400,fa2009
0,32,430,fa2009
21,9,490,fa2009
0,0,547,fa2009
0,0,568,fa2009
21,9,630,fa2009
22,8,693,fa2009
12,12,100,fa2009
1,34,101,fa2009
0,30,102,fa2009
3,32,111,fa2009
0,0,111,fa2009
11,19,144,fa2009
12,38,211,fa2009
8,17,211,fa2009
0,61,221,fa2009
0,33,221,fa2009
0,32,301,fa2009
0,37,311,fa2009
0,0,311X,fa2009
5,20,346,fa2009
0,0,351,fa2009
0,30,380,fa2009
0,32,430,fa2009
12,12,465,fa2009
1,24,511,fa2009
19,11,566,fa2009
12,18,580,fa2009
11,14,650,fa2009
1,5,697,fa2009
11,19,100,spr2010
13,39,101,spr2010
15,11,101,spr2010
10,50,111,spr2010
11,24,111,spr2010
8,42,211,spr2010
5,20,211,spr2010
30,40,221,spr2010
17,18,221,spr2010
10,20,301,spr2010
3,32,311,spr2010
0,13,313H,spr2010
3,32,340,spr2010
0,26,344,spr2010
2,28,381,spr2010
36,0,389,spr2010
24,6,400,spr2010
12,13,431,spr2010
13,17,515,spr2010
17,13,546,spr2010
0,0,569,spr2010
13,12,620,spr2010
2,8,693,spr2010
0,1,697,spr2010
11,19,100,spr2010
0,28,101,spr2010
1,29,102,spr2010
0,26,111,spr2010
26,4,111X,spr2010
3,22,211,spr2010
13,17,211X,spr2010
13,22,221,spr2010
0,0,221X,spr2010
2,18,301,spr2010
3,32,311,spr2010
3,32,340,spr2010
0,26,344,spr2010
7,28,380,spr2010
2,28,381,spr2010
36,0,399,spr2010
12,13,431,spr2010
14,16,490,spr2010
1,2,515H,spr2010
10,15,550,spr2010
14,11,611,spr2010
15,10,640,spr2010
2,0,697,spr2010
23,1,697,spr2010
6,18,100,fa2010
5,30,101,fa2010
6,29,102,fa2010
3,32,111,fa2010
21,11,111X,fa2010
16,14,144,fa2010
1,24,211,fa2010
14,10,211X,fa2010
2,29,221,fa2010
2,28,301,fa2010
7,28,311,fa2010
0,31,346,fa2010
6,24,380,fa2010
0,1,389,fa2010
34,11,400,fa2010
0,33,430,fa2010
0,7,490,fa2010
0,0,490,fa2010
0,0,490,fa2010
0,0,490,fa2010
17,8,547,fa2010
15,20,580,fa2010
15,10,650,fa2010
0,1,697,fa2010
6,18,100,fa2010
5,30,101,fa2010
8,62,111,fa2010
5,30,111,fa2010
16,14,144,fa2010
3,47,211,fa2010
2,23,211,fa2010
0,63,221,fa2010
0,34,221,fa2010
7,28,311,fa2010
0,0,311,fa2010
0,31,346,fa2010
0,1,389,fa2010
0,1,399,fa2010
0,33,430,fa2010
3,21,465,fa2010
0,0,490,fa2010
0,0,490,fa2010
0,0,490,fa2010
4,21,511,fa2010
15,15,566,fa2010
20,10,630,fa2010
0,1,697,fa2010
0,0,100,spr2011
0,33,101,spr2011
11,19,102,spr2011
5,25,111,spr2011
0,17,111X,spr2011
13,47,211,spr2011
9,21,211,spr2011
13,47,221,spr2011
9,21,221,spr2011
1,29,301,spr2011
8,27,311,spr2011
10,14,311X,spr2011
0,39,340,spr2011
5,20,344,spr2011
13,22,380,spr2011
5,25,381,spr2011
36,0,399,spr2011
18,7,431,spr2011
8,7,490,spr2011
0,0,490,spr2011
0,0,498,spr2011
0,1,499H,spr2011
0,0,546,spr2011
10,15,585,spr2011
21,9,598,spr2011
15,10,620,spr2011
0,0,682,spr2011
1,0,699P,spr2011
0,0,100,spr2011
0,33,101,spr2011
23,37,111,spr2011
18,12,111,spr2011
1,39,198,spr2011
4,26,211,spr2011
12,18,211X,spr2011
4,26,221,spr2011
0,0,221X,spr2011
43,27,311,spr2011
0,0,311,spr2011
0,13,313H,spr2011
0,39,340,spr2011
5,20,344,spr2011
5,25,381,spr2011
35,1,389,spr2011
20,10,400,spr2011
18,7,431,spr2011
0,0,490,spr2011
0,0,490,spr2011
0,1,499,spr2011
16,14,515,spr2011
2,23,550,spr2011
10,15,585,spr2011
23,12,611,spr2011
19,6,640,spr2011
3,12,693,spr2011
16,14,100,fa2011
0,0,100,fa2011
0,30,101,fa2011
7,92,111,fa2011
4,29,111,fa2011
32,40,111X,fa2011
0,30,144,fa2011
4,26,211,fa2011
4,28,211X,fa2011
0,33,221,fa2011
19,16,221X,fa2011
6,24,301,fa2011
1,31,311,fa2011
0,31,311X,fa2011
1,59,346,fa2011
1,29,346,fa2011
0,1,389,fa2011
5,25,430,fa2011
0,0,444,fa2011
6,9,490,fa2011
15,10,511,fa2011
22,8,566,fa2011
0,29,598,fa2011
18,7,640,fa2011
0,0,697,fa2011
16,14,100,fa2011
0,30,101,fa2011
12,48,102,fa2011
1,32,111,fa2011
2,31,111,fa2011
0,30,144,fa2011
11,49,211,fa2011
7,23,211,fa2011
29,33,221,fa2011
0,0,221,fa2011
0,30,301,fa2011
9,61,311,fa2011
5,30,311,fa2011
0,0,315,fa2011
0,30,346,fa2011
7,23,380,fa2011
18,6,400,fa2011
5,25,430,fa2011
0,0,444,fa2011
0,1,499,fa2011
15,10,547,fa2011
11,19,580,fa2011
16,4,620,fa2011
0,1,697,fa2011
9,21,100,spr2012
8,22,101,spr2012
10,20,102,spr2012
2,28,111,spr2012
3,27,111,spr2012
0,31,111,spr2012
9,21,111X,spr2012
8,27,211,spr2012
10,20,211X,spr2012
7,28,221,spr2012
0,0,221,spr2012
2,28,301,spr2012
9,51,311,spr2012
9,21,311,spr2012
1,12,313H,spr2012
0,30,340,spr2012
13,12,344,spr2012
6,29,380,spr2012
0,31,381,spr2012
36,0,399,spr2012
2,23,431,spr2012
15,5,490,spr2012
11,1,499H,spr2012
0,0,546,spr2012
2,23,550,spr2012
0,0,585,spr2012
0,0,598,spr2012
16,9,630,spr2012
10,5,693,spr2012
9,21,100,spr2012
8,22,101,spr2012
5,55,111,spr2012
0,0,111,spr2012
11,49,111,spr2012
12,18,111,spr2012
10,60,211,spr2012
2,33,211,spr2012
2,43,217,spr2012
7,28,221,spr2012
0,0,221X,spr2012
0,32,301,spr2012
0,30,311,spr2012
11,13,311X,spr2012
9,51,340,spr2012
9,21,340,spr2012
13,12,344,spr2012
0,31,381,spr2012
33,3,389,spr2012
27,3,400,spr2012
2,23,431,spr2012
0,0,498,spr2012
4,26,515,spr2012
11,14,550,spr2012
17,8,551,spr2012
0,0,585,spr2012
27,3,611,spr2012
16,9,650,spr2012
0,1,697,spr2012
0,0,100,fa2012
1,31,101,fa2012
3,57,102,fa2012
1,24,111,fa2012
0,22,111,fa2012
0,21,111,fa2012
66,6,111X,fa2012
0,38,144,fa2012
4,31,211,fa2012
21,11,211X,fa2012
3,27,221,fa2012
0,0,221,fa2012
2,43,301,fa2012
5,27,311,fa2012
11,13,311X,fa2012
1,29,346,fa2012
27,3,389,fa2012
0,64,430,fa2012
0,32,430,fa2012
0,0,498,fa2012
0,32,511,fa2012
12,13,547,fa2012
4,41,580,fa2012
9,11,620,fa2012
0,0,697,fa2012
0,0,100,fa2012
1,31,101,fa2012
0,76,111,fa2012
0,27,111,fa2012
0,27,111,fa2012
0,45,111,fa2012
2,38,144,fa2012
13,57,211,fa2012
9,26,211,fa2012
0,31,217,fa2012
3,27,221,fa2012
0,0,221X,fa2012
15,55,311,fa2012
7,28,311,fa2012
0,60,346,fa2012
0,31,346,fa2012
21,3,400,fa2012
0,32,430,fa2012
5,10,490,fa2012
0,0,499,fa2012
16,4,540,fa2012
0,0,598,fa2012
16,4,640,fa2012
3,27,101,spr2013
0,30,102,spr2013
0,39,111,spr2013
19,51,111,spr2013
13,22,111,spr2013
4,66,211,spr2013
3,32,211,spr2013
4,51,217,spr2013
3,27,301,spr2013
27,43,311,spr2013
17,18,311,spr2013
0,15,313H,spr2013
2,28,340,spr2013
0,30,344,spr2013
33,3,389,spr2013
19,11,400,spr2013
0,30,431,spr2013
0,2,499,spr2013
0,31,550,spr2013
0,26,567,spr2013
11,14,585,spr2013
11,14,585,spr2013
22,8,611,spr2013
21,9,650,spr2013
3,27,101,spr2013
0,74,111,spr2013
0,35,111,spr2013
6,29,111,spr2013
6,24,111X,spr2013
1,34,211,spr2013
6,24,211X,spr2013
0,0,221X,spr2013
3,22,301,spr2013
10,25,311,spr2013
11,13,311X,spr2013
5,55,340,spr2013
3,27,340,spr2013
0,30,344,spr2013
0,1,399,spr2013
0,30,431,spr2013
11,14,490,spr2013
13,12,498,spr2013
3,42,515,spr2013
1,33,551,spr2013
11,14,630,spr2013
12,8,693,spr2013
5,35,101,fa2013
9,36,102,fa2013
4,21,111,fa2013
0,27,111,fa2013
0,29,111,fa2013
0,26,111,fa2013
16,19,111X,fa2013
5,31,144,fa2013
4,26,211,fa2013
17,18,211,fa2013
7,25,211X,fa2013
1,24,301,fa2013
0,78,311,fa2013
0,38,311,fa2013
5,70,346,fa2013
1,29,346,fa2013
29,1,389,fa2013
0,64,430,fa2013
0,27,430,fa2013
19,11,444,fa2013
0,33,511,fa2013
9,16,547,fa2013
15,10,568,fa2013
12,8,620,fa2013
1,0,697,fa2013
5,35,101,fa2013
4,71,111,fa2013
2,23,111,fa2013
0,105,111,fa2013
0,27,111,fa2013
2,23,111,fa2013
5,31,144,fa2013
16,54,211,fa2013
2,28,211,fa2013
17,18,211,fa2013
7,42,217,fa2013
0,28,301,fa2013
0,40,311,fa2013
0,0,311X,fa2013
1,29,346,fa2013
3,12,346,fa2013
18,6,400,fa2013
0,37,430,fa2013
19,11,444,fa2013
0,19,490,fa2013
11,4,540,fa2013
12,18,566,fa2013
1,33,580,fa2013
6,9,640,fa2013
1,29,101,spr2014
3,27,102,spr2014
0,36,111,spr2014
0,70,111,spr2014
0,35,111,spr2014
4,66,211,spr2014
2,33,211,spr2014
0,40,217,spr2014
0,32,301,spr2014
0,37,311,spr2014
0,15,313H,spr2014
5,30,340,spr2014
2,33,344,spr2014
35,1,389,spr2014
3,27,400,spr2014
0,0,431,spr2014
0,0,490,spr2014
4,41,550,spr2014
2,43,567,spr2014
18,12,611,spr2014
16,14,650,spr2014
24,0,697,spr2014
1,29,101,spr2014
0,73,111,spr2014
0,37,111,spr2014
0,35,111,spr2014
9,21,111X,spr2014
2,33,211,spr2014
9,21,211X,spr2014
16,14,301,spr2014
0,74,311,spr2014
0,37,311,spr2014
5,65,340,spr2014
0,35,340,spr2014
2,33,344,spr2014
36,0,399,spr2014
0,0,431,spr2014
5,10,490,spr2014
22,53,515,spr2014
0,35,551,spr2014
16,14,598,spr2014
13,12,630,spr2014
5,10,693,spr2014
11,34,101,fa2014
3,42,102,fa2014
0,25,111,fa2014
1,24,111,fa2014
1,24,111,fa2014
2,23,111,fa2014
1,34,111,fa2014
3,32,111X,fa2014
23,13,144,fa2014
0,26,211,fa2014
30,30,211,fa2014
0,0,211,fa2014
4,56,217,fa2014
0,30,301,fa2014
9,21,301,fa2014
3,32,311,fa2014
8,62,311,fa2014
0,35,311,fa2014
0,25,340,fa2014
20,5,340,fa2014
16,8,400,fa2014
0,30,430,fa2014
0,18,430,fa2014
12,18,444,fa2014
0,30,446,fa2014
12,18,446,fa2014
4,16,490,fa2014
48,12,511,fa2014
1,25,546,fa2014
7,27,550,fa2014
17,8,568,fa2014
5,60,620,fa2014
0,0,693,fa2014
23,1,697,fa2014
0,34,101,fa2014
0,78,111,fa2014
0,29,111,fa2014
3,72,111,fa2014
0,25,111,fa2014
17,53,111,fa2014
16,19,111,fa2014
23,13,144,fa2014
0,53,211,fa2014
0,27,211,fa2014
0,30,211,fa2014
18,14,211X,fa2014
0,30,301,fa2014
3,27,301,fa2014
12,58,311,fa2014
9,26,311,fa2014
8,27,311,fa2014
31,44,340,fa2014
11,14,340,fa2014
0,5,389,fa2014
1,74,430,fa2014
3,26,430,fa2014
12,18,444,fa2014
7,53,446,fa2014
7,23,446,fa2014
12,18,446,fa2014
0,34,511,fa2014
9,6,540,fa2014
1,25,546,fa2014
19,11,566,fa2014
0,50,580,fa2014
5,10,640,fa2014
0,0,697,fa2014
2,1,699P,fa2014
0,31,101,spr2015
10,40,102,spr2015
0,31,111,spr2015
0,70,111,spr2015
0,35,111,spr2015
12,90,211,spr2015
6,28,211,spr2015
6,24,211X,spr2015
0,0,301,spr2015
12,13,301,spr2015
4,31,311,spr2015
0,35,311,spr2015
23,9,340,spr2015
13,19,340,spr2015
8,27,344,spr2015
35,1,399,spr2015
38,37,431,spr2015
3,22,431,spr2015
0,28,446,spr2015
2,15,490,spr2015
0,1,515H,spr2015
2,48,567,spr2015
8,22,611,spr2015
0,30,650,spr2015
3,9,693,spr2015
0,31,101,spr2015
0,63,111,spr2015
0,32,111,spr2015
0,35,111,spr2015
0,43,111X,spr2015
5,29,211,spr2015
1,33,211,spr2015
3,57,217,spr2015
3,22,301,spr2015
6,99,311,spr2015
2,33,311,spr2015
46,50,340,spr2015
8,22,340,spr2015
8,27,344,spr2015
32,4,389,spr2015
8,22,400,spr2015
15,10,431,spr2015
20,5,431,spr2015
0,28,446,spr2015
14,46,515,spr2015
0,37,551,spr2015
17,13,598,spr2015
50,10,630,spr2015
11,19,650,spr2015
3,32,101,fa2015
0,0,102,fa2015
0,30,111,fa2015
0,61,111,fa2015
0,32,111,fa2015
1,29,111,fa2015
0,29,111,fa2015
0,0,144,fa2015
1,49,211,fa2015
3,22,211,fa2015
0,25,211,fa2015
12,20,211X,fa2015
5,31,217,fa2015
4,28,301,fa2015
14,46,311,fa2015
9,21,311,fa2015
0,30,311,fa2015
17,58,340,fa2015
16,9,340,fa2015
4,1,389,fa2015
16,62,430,fa2015
8,26,430,fa2015
0,30,444,fa2015
0,30,446,fa2015
0,30,446,fa2015
17,8,498,fa2015
3,47,511,fa2015
18,12,546,fa2015
2,38,550,fa2015
11,39,580,fa2015
14,16,640,fa2015
5,5,693,fa2015
0,0,699P,fa2015
3,32,101,fa2015
0,60,111,fa2015
0,30,111,fa2015
1,29,111,fa2015
2,87,111,fa2015
1,29,111,fa2015
18,17,111X,fa2015
0,0,144,fa2015
0,27,211,fa2015
12,38,211,fa2015
12,13,211,fa2015
5,35,217,fa2015
0,7,301,fa2015
0,33,301,fa2015
5,25,311,fa2015
0,60,311,fa2015
0,30,311,fa2015
1,24,340,fa2015
0,25,340,fa2015
8,16,400,fa2015
9,36,430,fa2015
0,30,444,fa2015
0,30,446,fa2015
0,30,446,fa2015
16,14,490,fa2015
0,1,499H,fa2015
13,2,540,fa2015
18,12,546,fa2015
15,15,566,fa2015
14,20,620,fa2015
29,1,689,fa2015
0,0,697,fa2015
1,29,101,spr2016
13,37,102,spr2016
0,31,111,spr2016
5,55,111,spr2016
2,28,111,spr2016
2,48,211,spr2016
1,24,211,spr2016
7,42,211,spr2016
0,0,211X,spr2016
8,22,301,spr2016
13,77,311,spr2016
5,25,311,spr2016
24,36,340,spr2016
11,19,340,spr2016
0,40,344,spr2016
1,0,389,spr2016
0,1,399,spr2016
10,21,431,spr2016
0,0,431,spr2016
1,29,446,spr2016
1,29,446,spr2016
0,1,499,spr2016
0,2,515H,spr2016
25,24,567,spr2016
0,37,630,spr2016
15,15,650,spr2016
30,0,689,spr2016
3,7,693,spr2016
1,29,101,spr2016
0,60,111,spr2016
1,29,111,spr2016
1,27,111,spr2016
0,0,111X,spr2016
1,24,211,spr2016
2,23,211,spr2016
5,19,211,spr2016
0,0,217,spr2016
0,31,301,spr2016
4,26,311,spr2016
4,26,311,spr2016
13,17,340,spr2016
0,40,344,spr2016
32,4,389,spr2016
0,3,389,spr2016
0,31,400,spr2016
10,21,431,spr2016
1,29,446,spr2016
1,29,446,spr2016
7,25,490,spr2016
0,65,515,spr2016
4,46,551,spr2016
14,36,611,spr2016
10,24,640,spr2016
3,0,689,spr2016
5,6,693,spr2016
0,0,101,fa2016
0,61,111,fa2016
0,31,111,fa2016
6,24,111,fa2016
28,6,111X,fa2016
2,23,211,fa2016
26,24,211,fa2016
16,9,211,fa2016
1,29,301,fa2016
4,70,311,fa2016
3,34,311,fa2016
3,27,340,fa2016
5,0,389,fa2016
2,1,389,fa2016
0,60,430,fa2016
0,26,430,fa2016
0,30,444,fa2016
0,30,446,fa2016
18,12,490,fa2016
1,34,511,fa2016
13,2,540,fa2016
0,0,546,fa2016
6,19,551,fa2016
0,35,580,fa2016
30,0,689,fa2016
0,15,693,fa2016
0,0,101,fa2016
0,30,111,fa2016
7,53,111,fa2016
1,29,111,fa2016
3,47,211,fa2016
1,24,211,fa2016
10,15,211,fa2016
24,10,211X,fa2016
0,30,301,fa2016
1,36,311,fa2016
26,34,340,fa2016
23,7,340,fa2016
0,3,389,fa2016
4,20,400,fa2016
0,34,430,fa2016
0,30,444,fa2016
3,57,446,fa2016
3,27,446,fa2016
1,1,499H,fa2016
15,15,515,fa2016
0,0,546,fa2016
0,34,550,fa2016
18,12,566,fa2016
3,12,640,fa2016
0,16,693,fa2016
2,27,101,spr2017
16,18,102,spr2017
0,31,111,spr2017
0,63,111,spr2017
0,31,111,spr2017
3,31,111,spr2017
8,22,211,spr2017
11,19,211,spr2017
11,19,211,spr2017
0,32,301,spr2017
1,35,311,spr2017
33,27,340,spr2017
17,13,340,spr2017
1,34,344,spr2017
35,1,389,spr2017
10,20,398,spr2017
3,32,430,spr2017
3,57,446,spr2017
3,27,446,spr2017
0,6,490,spr2017
0,37,515,spr2017
13,21,550,spr2017
21,13,567,spr2017
27,8,611,spr2017
15,5,640,spr2017
2,1,689,spr2017
0,0,693,spr2017
2,27,101,spr2017
0,61,111,spr2017
0,30,111,spr2017
0,32,111,spr2017
3,31,111,spr2017
14,46,211,spr2017
6,24,211,spr2017
0,0,211,spr2017
15,15,301,spr2017
1,71,311,spr2017
0,36,311,spr2017
16,14,340,spr2017
1,34,344,spr2017
0,0,389,spr2017
0,0,389,spr2017
7,23,400,spr2017
3,32,430,spr2017
0,30,446,spr2017
0,29,490,spr2017
11,1,499H,spr2017
4,6,540,spr2017
1,35,551,spr2017
0,35,580,spr2017
27,8,630,spr2017
3,2,650,spr2017
10,5,693,spr2017
5,29,102,fa2017
0,30,111,fa2017
3,57,111,fa2017
2,28,111,fa2017
0,30,111,fa2017
1,59,111,fa2017
0,31,111,fa2017
2,28,211,fa2017
21,39,211,fa2017
11,19,211,fa2017
0,31,301,fa2017
1,29,311,fa2017
31,29,340,fa2017
27,3,340,fa2017
5,0,389,fa2017
34,2,389,fa2017
11,39,430,fa2017
11,14,430,fa2017
6,24,444,fa2017
0,29,446,fa2017
0,10,490,fa2017
0,0,499H,fa2017
0,37,515,fa2017
4,26,551,fa2017
1,33,580,fa2017
28,2,689,fa2017
7,3,697,fa2017
1,59,111,fa2017
1,29,111,fa2017
1,29,111,fa2017
1,59,111,fa2017
1,29,111,fa2017
2,28,111,fa2017
6,54,211,fa2017
4,26,211,fa2017
10,20,211,fa2017
0,31,301,fa2017
2,58,311,fa2017
1,29,311,fa2017
4,26,340,fa2017
0,0,385,fa2017
0,2,389,fa2017
0,35,400,fa2017
0,25,430,fa2017
6,24,444,fa2017
0,59,446,fa2017
0,30,446,fa2017
18,7,490,fa2017
11,19,511,fa2017
3,31,550,fa2017
21,9,566,fa2017
0,1,650,fa2017
10,5,693,fa2017
15,15,101,spr2018
37,13,102,spr2018
8,22,111,spr2018
13,47,111,spr2018
13,17,111,spr2018
0,30,111,spr2018
3,57,211,spr2018
2,28,211,spr2018
9,21,211,spr2018
2,28,301,spr2018
8,52,311,spr2018
6,24,311,spr2018
7,23,311,spr2018
1,34,315,spr2018
6,24,340,spr2018
0,32,344,spr2018
10,0,389,spr2018
5,35,398,spr2018
9,21,400,spr2018
5,30,430,spr2018
8,22,431,spr2018
0,30,446,spr2018
0,13,490,spr2018
10,5,490,spr2018
0,42,515,spr2018
19,11,546,spr2018
0,34,551,spr2018
0,36,580,spr2018
15,15,101,spr2018
12,48,111,spr2018
4,26,111,spr2018
0,30,111,spr2018
3,57,111,spr2018
3,27,111,spr2018
1,29,211,spr2018
18,42,211,spr2018
9,21,211,spr2018
0,31,301,spr2018
2,28,311,spr2018
13,47,311,spr2018
6,24,311,spr2018
6,24,340,spr2018
0,32,344,spr2018
9,1,389,spr2018
0,1,389,spr2018
0,1,399,spr2018
5,30,430,spr2018
8,22,431,spr2018
0,60,446,spr2018
0,30,446,spr2018
0,11,490,spr2018
0,1,499,spr2018
19,11,546,spr2018
0,35,550,spr2018
0,0,567,spr2018
22,8,582,spr2018
0,0,101,fa2018
4,27,102,fa2018
0,30,111,fa2018
19,41,111,fa2018
18,12,111,fa2018
10,20,111,fa2018
0,0,111,fa2018
0,0,111,fa2018
0,28,211,fa2018
30,30,211,fa2018
17,13,211,fa2018
0,31,301W,fa2018
16,14,301W,fa2018
4,26,311,fa2018
4,56,311,fa2018
3,27,311,fa2018
4,26,340,fa2018
0,5,389,fa2018
1,1,389,fa2018
0,0,399,fa2018
10,40,430,fa2018
8,17,430,fa2018
0,29,446,fa2018
13,17,446,fa2018
0,11,490,fa2018
9,1,499H,fa2018
5,30,515,fa2018
0,35,550,fa2018
0,36,551,fa2018
4,30,580,fa2018
30,0,689,fa2018
0,0,101,fa2018
1,58,111,fa2018
2,28,111,fa2018
1,29,111,fa2018
30,30,111,fa2018
20,10,111,fa2018
0,0,111,fa2018
0,56,211,fa2018
0,28,211,fa2018
13,17,211,fa2018
7,28,300,fa2018
0,33,301W,fa2018
6,54,311,fa2018
2,28,311,fa2018
1,29,311,fa2018
30,30,340,fa2018
26,4,340,fa2018
1,0,389,fa2018
16,18,398,fa2018
12,23,400,fa2018
2,23,430,fa2018
0,56,446,fa2018
1,27,446,fa2018
13,17,446,fa2018
4,9,490,fa2018
18,12,511,fa2018
0,0,540,fa2018
18,12,550,fa2018
0,0,566,fa2018
0,1,580H,fa2018
0,1,699T,fa2018
0,0,101,spr2019
9,26,102,spr2019
1,29,111,spr2019
11,49,111,spr2019
11,19,111,spr2019
3,27,211,spr2019
26,34,211,spr2019
16,14,211,spr2019
1,29,301W,spr2019
7,53,311,spr2019
4,26,311,spr2019
3,27,311,spr2019
3,37,315,spr2019
0,30,340,spr2019
0,38,344,spr2019
0,2,389,spr2019
1,1,389,spr2019
17,43,430,spr2019
17,13,430,spr2019
11,19,431,spr2019
0,30,446,spr2019
1,29,446,spr2019
0,9,490,spr2019
1,11,490,spr2019
1,2,490,spr2019
7,5,499,spr2019
15,15,540,spr2019
8,27,550,spr2019
10,15,551,spr2019
6,34,580,spr2019
0,0,101,spr2019
3,57,111,spr2019
2,28,111,spr2019
0,30,111,spr2019
5,55,211,spr2019
2,28,211,spr2019
10,20,211,spr2019
24,36,300,spr2019
0,31,301W,spr2019
3,27,311,spr2019
4,56,311,spr2019
1,29,311,spr2019
8,52,340,spr2019
8,22,340,spr2019
0,38,344,spr2019
1,1,389,spr2019
8,22,400,spr2019
3,30,430,spr2019
11,19,431,spr2019
0,59,446,spr2019
1,29,446,spr2019
1,29,446,spr2019
3,6,490,spr2019
0,3,490,spr2019
0,3,490,spr2019
15,35,515,spr2019
1,34,550,spr2019
4,21,551,spr2019
20,15,567,spr2019
2,29,102,fa2019
0,30,111,fa2019
2,58,111,fa2019
2,28,111,fa2019
4,26,111,fa2019
1,59,211,fa2019
0,30,211,fa2019
15,15,211,fa2019
14,61,300,fa2019
1,31,301W,fa2019
8,17,310,fa2019
22,38,311,fa2019
13,17,311,fa2019
1,29,311,fa2019
0,65,340,fa2019
0,30,340,fa2019
5,0,389,fa2019
2,0,389,fa2019
16,44,430,fa2019
16,14,430,fa2019
7,21,446,fa2019
1,27,446,fa2019
5,13,490,fa2019
14,4,490,fa2019
0,1,490,fa2019
0,37,515,fa2019
1,35,551,fa2019
0,1,580H,fa2019
22,3,650,fa2019
2,58,111,fa2019
2,28,111,fa2019
0,30,111,fa2019
4,26,111,fa2019
0,0,111,fa2019
1,29,211,fa2019
15,15,211,fa2019
0,0,211,fa2019
1,24,301W,fa2019
10,20,301W,fa2019
7,17,310,fa2019
9,21,311,fa2019
4,56,311,fa2019
2,27,311,fa2019
0,35,340,fa2019
0,45,385,fa2019
0,2,389,fa2019
20,15,400,fa2019
0,30,430,fa2019
10,46,446,fa2019
3,25,446,fa2019
1,27,446,fa2019
0,7,490,fa2019
0,1,490,fa2019
11,1,499H,fa2019
2,33,550,fa2019
0,35,580,fa2019
22,3,620,fa2019
30,0,689,fa2019
